timestamp,run_id,status,duration_ms,severity
2025-08-22T23:04:15.591405,1,success,1150,INFO
2025-08-22T23:04:15.602599,2,success,1880,INFO
2025-08-22T23:04:15.613229,3,success,1022,INFO
2025-08-22T23:04:15.623496,4,error,1733,ERROR
2025-08-22T23:04:15.633709,5,success,995,INFO
2025-08-22T23:04:15.644364,6,success,1543,INFO
2025-08-22T23:04:15.654832,7,success,844,INFO
2025-08-22T23:04:15.665482,8,error,1807,ERROR
2025-08-22T23:04:15.675689,9,success,1849,INFO
2025-08-22T23:04:15.686284,10,success,1014,INFO
2025-08-22T23:04:15.696535,11,success,1939,INFO
2025-08-22T23:04:15.707112,12,success,1120,INFO
2025-08-22T23:04:15.717634,13,success,1234,INFO
2025-08-22T23:04:15.728155,14,success,1976,INFO
2025-08-22T23:04:15.738674,15,success,1723,INFO
2025-08-22T23:04:15.749093,16,success,1975,INFO
2025-08-22T23:04:15.759624,17,error,1539,ERROR
2025-08-22T23:04:15.770154,18,error,1896,ERROR
2025-08-22T23:04:15.780868,19,success,1601,INFO
2025-08-22T23:04:15.791106,20,success,933,INFO
2025-08-22T23:04:15.801695,21,success,1045,INFO
2025-08-22T23:04:15.812067,22,success,1144,INFO
2025-08-22T23:04:15.822273,23,success,1570,INFO
2025-08-22T23:04:15.832914,24,success,1251,INFO
2025-08-22T23:04:15.843138,25,success,1954,INFO
2025-08-22T23:04:15.853587,26,success,1846,INFO
2025-08-22T23:04:15.864223,27,success,1361,INFO
2025-08-22T23:04:15.874859,28,success,1433,INFO
2025-08-22T23:04:15.885443,29,success,977,INFO
2025-08-22T23:04:15.896058,30,success,1023,INFO
2025-08-22T23:04:15.906699,31,success,1729,INFO
2025-08-22T23:04:15.916862,32,success,1159,INFO
2025-08-22T23:04:15.927070,33,success,1433,INFO
2025-08-22T23:04:15.937729,34,success,1901,INFO
2025-08-22T23:04:15.948369,35,success,1451,INFO
2025-08-22T23:04:15.959011,36,success,1335,INFO
2025-08-22T23:04:15.969601,37,success,1709,INFO
2025-08-22T23:04:15.980243,38,success,1822,INFO
2025-08-22T23:04:15.990479,39,success,1647,INFO
2025-08-22T23:04:16.001067,40,success,1801,INFO
2025-08-22T23:04:16.011711,41,success,1815,INFO
2025-08-22T23:04:16.022354,42,error,1410,ERROR
2025-08-22T23:04:16.033005,43,success,1312,INFO
2025-08-22T23:04:16.043655,44,error,1124,ERROR
2025-08-22T23:04:16.054303,45,success,803,INFO
2025-08-22T23:04:16.064950,46,success,1751,INFO
2025-08-22T23:04:16.075586,47,success,1406,INFO
2025-08-22T23:04:16.086187,48,success,1897,INFO
2025-08-22T23:04:16.096468,49,success,1788,INFO
2025-08-22T23:04:16.107117,50,success,1782,INFO
2025-08-22T23:04:16.117713,51,error,1932,ERROR
2025-08-22T23:04:16.128363,52,success,927,INFO
2025-08-22T23:04:16.138558,53,success,1946,INFO
2025-08-22T23:04:16.149200,54,success,1089,INFO
2025-08-22T23:04:16.159847,55,success,1561,INFO
2025-08-22T23:04:16.170452,56,success,1623,INFO
2025-08-22T23:04:16.181100,57,success,1471,INFO
2025-08-22T23:04:16.191656,58,success,1673,INFO
2025-08-22T23:04:16.201950,59,success,1898,INFO
2025-08-22T23:04:16.212515,60,success,1787,INFO
2025-08-22T23:04:16.223037,61,success,1123,INFO
2025-08-22T23:04:16.233356,62,success,1232,INFO
2025-08-22T23:04:16.243648,63,success,1159,INFO
2025-08-22T23:04:16.253917,64,success,1199,INFO
2025-08-22T23:04:16.264468,65,success,1653,INFO
2025-08-22T23:04:16.274754,66,success,1230,INFO
2025-08-22T23:04:16.285356,67,success,1555,INFO
2025-08-22T23:04:16.295884,68,success,1196,INFO
2025-08-22T23:04:16.306475,69,success,1335,INFO
2025-08-22T23:04:16.316849,70,success,1470,INFO
2025-08-22T23:04:16.327205,71,success,1627,INFO
2025-08-22T23:04:16.337819,72,success,1352,INFO
2025-08-22T23:04:16.348037,73,error,975,ERROR
2025-08-22T23:04:16.358447,74,success,1668,INFO
2025-08-22T23:04:16.369042,75,success,1643,INFO
2025-08-22T23:04:16.379690,76,success,1455,INFO
2025-08-22T23:04:16.389920,77,success,1876,INFO
2025-08-22T23:04:16.400223,78,success,851,INFO
2025-08-22T23:04:16.410527,79,success,1850,INFO
2025-08-22T23:04:16.420688,80,success,1510,INFO
2025-08-22T23:04:16.430893,81,success,1374,INFO
2025-08-22T23:04:16.441547,82,success,1179,INFO
2025-08-22T23:04:16.452086,83,success,1036,INFO
2025-08-22T23:04:16.462718,84,success,807,INFO
2025-08-22T23:04:16.473266,85,success,1439,INFO
2025-08-22T23:04:16.483925,86,success,1403,INFO
2025-08-22T23:04:16.494226,87,success,1713,INFO
2025-08-22T23:04:16.504872,88,success,989,INFO
2025-08-22T23:04:16.515461,89,success,1528,INFO
2025-08-22T23:04:16.526117,90,success,1659,INFO
2025-08-22T23:04:16.536716,91,success,949,INFO
2025-08-22T23:04:16.547370,92,success,1114,INFO
2025-08-22T23:04:16.558009,93,success,1809,INFO
2025-08-22T23:04:16.568605,94,success,923,INFO
2025-08-22T23:04:16.579251,95,success,817,INFO
2025-08-22T23:04:16.589489,96,success,1602,INFO
2025-08-22T23:04:16.600139,97,success,1080,INFO
2025-08-22T23:04:16.610359,98,success,1712,INFO
2025-08-22T23:04:16.620693,99,success,1502,INFO
2025-08-22T23:04:16.631326,100,success,1890,INFO
2025-08-22T23:04:16.641535,101,success,1917,INFO
2025-08-22T23:04:16.652168,102,success,1668,INFO
2025-08-22T23:04:16.662816,103,success,1542,INFO
2025-08-22T23:04:16.673468,104,error,1326,ERROR
2025-08-22T23:04:16.684121,105,success,1876,INFO
2025-08-22T23:04:16.694404,106,success,1608,INFO
2025-08-22T23:04:16.705047,107,success,1265,INFO
2025-08-22T23:04:16.715647,108,success,830,INFO
2025-08-22T23:04:16.726290,109,success,1886,INFO
2025-08-22T23:04:16.736757,110,success,1087,INFO
2025-08-22T23:04:16.747382,111,success,823,INFO
2025-08-22T23:04:16.757602,112,success,1913,INFO
2025-08-22T23:04:16.768201,113,success,1690,INFO
2025-08-22T23:04:16.778849,114,success,1027,INFO
2025-08-22T23:04:16.789499,115,success,1635,INFO
2025-08-22T23:04:16.800140,116,success,813,INFO
2025-08-22T23:04:16.810782,117,error,1677,ERROR
2025-08-22T23:04:16.821424,118,success,1513,INFO
2025-08-22T23:04:16.832157,119,success,1049,INFO
2025-08-22T23:04:16.842798,120,success,1875,INFO
2025-08-22T23:04:16.853396,121,success,1499,INFO
2025-08-22T23:04:16.864037,122,success,1659,INFO
2025-08-22T23:04:16.874686,123,success,1365,INFO
2025-08-22T23:04:16.885281,124,error,1662,ERROR
2025-08-22T23:04:16.895935,125,success,1724,INFO
2025-08-22T23:04:16.906549,126,success,833,INFO
2025-08-22T23:04:16.917192,127,success,1461,INFO
2025-08-22T23:04:16.927699,128,success,1575,INFO
2025-08-22T23:04:16.937906,129,success,801,INFO
2025-08-22T23:04:16.948567,130,success,1041,INFO
2025-08-22T23:04:16.958735,131,success,909,INFO
2025-08-22T23:04:16.969370,132,success,1137,INFO
2025-08-22T23:04:16.980006,133,success,1799,INFO
2025-08-22T23:04:16.990220,134,success,1169,INFO
2025-08-22T23:04:17.000841,135,success,1261,INFO
2025-08-22T23:04:17.011503,136,success,1227,INFO
2025-08-22T23:04:17.022116,137,success,1599,INFO
2025-08-22T23:04:17.032689,138,success,814,INFO
2025-08-22T23:04:17.042924,139,success,1299,INFO
2025-08-22T23:04:17.053515,140,success,1532,INFO
2025-08-22T23:04:17.064160,141,success,1718,INFO
2025-08-22T23:04:17.074806,142,success,1387,INFO
2025-08-22T23:04:17.085409,143,success,1684,INFO
2025-08-22T23:04:17.095678,144,error,1038,ERROR
2025-08-22T23:04:17.106324,145,success,1242,INFO
2025-08-22T23:04:17.116971,146,success,1428,INFO
2025-08-22T23:04:17.127128,147,success,1228,INFO
2025-08-22T23:04:17.137326,148,success,1673,INFO
2025-08-22T23:04:17.147968,149,success,1089,INFO
2025-08-22T23:04:17.158613,150,success,1288,INFO
2025-08-22T23:04:17.169234,151,success,1557,INFO
2025-08-22T23:04:17.179881,152,success,935,INFO
2025-08-22T23:04:17.190527,153,success,1761,INFO
2025-08-22T23:04:17.201131,154,success,858,INFO
2025-08-22T23:04:17.211777,155,error,1954,ERROR
2025-08-22T23:04:17.222348,156,success,1686,INFO
2025-08-22T23:04:17.232559,157,success,1236,INFO
2025-08-22T23:04:17.243202,158,success,1367,INFO
2025-08-22T23:04:17.253800,159,success,1856,INFO
2025-08-22T23:04:17.264442,160,success,1123,INFO
2025-08-22T23:04:17.275090,161,success,1330,INFO
2025-08-22T23:04:17.285665,162,success,939,INFO
2025-08-22T23:04:17.295957,163,success,1836,INFO
2025-08-22T23:04:17.306602,164,error,1484,ERROR
2025-08-22T23:04:17.317164,165,success,1177,INFO
2025-08-22T23:04:17.327280,166,error,1111,ERROR
2025-08-22T23:04:17.337727,167,success,885,INFO
2025-08-22T23:04:17.347934,168,success,1241,INFO
2025-08-22T23:04:17.358583,169,success,1078,INFO
2025-08-22T23:04:17.369289,170,success,1412,INFO
2025-08-22T23:04:17.379836,171,success,861,INFO
2025-08-22T23:04:17.390050,172,success,1259,INFO
2025-08-22T23:04:17.400343,173,success,1254,INFO
2025-08-22T23:04:17.410882,174,success,1415,INFO
2025-08-22T23:04:17.421089,175,success,903,INFO
2025-08-22T23:04:17.431741,176,success,839,INFO
2025-08-22T23:04:17.442221,177,success,1633,INFO
2025-08-22T23:04:17.452830,178,success,1086,INFO
2025-08-22T23:04:17.463447,179,success,1584,INFO
2025-08-22T23:04:17.474023,180,success,1880,INFO
2025-08-22T23:04:17.484559,181,success,1245,INFO
2025-08-22T23:04:17.495350,182,success,1030,INFO
2025-08-22T23:04:17.506000,183,success,1859,INFO
2025-08-22T23:04:17.516642,184,success,1924,INFO
2025-08-22T23:04:17.526916,185,success,1150,INFO
2025-08-22T23:04:17.537123,186,success,1191,INFO
2025-08-22T23:04:17.547766,187,success,1836,INFO
2025-08-22T23:04:17.558048,188,success,1884,INFO
2025-08-22T23:04:17.568198,189,success,928,INFO
2025-08-22T23:04:17.578849,190,success,945,INFO
2025-08-22T23:04:17.589141,191,success,1257,INFO
2025-08-22T23:04:17.599362,192,success,1995,INFO
2025-08-22T23:04:17.609569,193,success,1229,INFO
2025-08-22T23:04:17.620169,194,success,1608,INFO
2025-08-22T23:04:17.630808,195,success,952,INFO
2025-08-22T23:04:17.641452,196,success,1615,INFO
2025-08-22T23:04:17.652093,197,success,1204,INFO
2025-08-22T23:04:17.662742,198,success,1676,INFO
2025-08-22T23:04:17.673383,199,success,890,INFO
2025-08-22T23:04:17.683891,200,success,1425,INFO
